{
  "$schema": "./node_modules/nx/schemas/nx-schema.json",
  "targetDefaults": {
    "build": {
      "dependsOn": ["^build", "generate:config"],
      "cache": true,
      "inputs": ["production", "^production"]
    },
    "serve": {
      "dependsOn": ["generate:config"],
      "cache": false
    },
    "lint": {
      "cache": true,
      "inputs": ["default", "{workspaceRoot}/.eslintrc.json"]
    },
    "test": {
      "cache": true,
      "inputs": ["default", "^production"]
    },
    "generate:config": {
      "cache": false
    }
  },
  "namedInputs": {
    "default": ["{projectRoot}/**/*", "sharedGlobals"],
    "production": [
      "default",
      "!{projectRoot}/**/?(*.)+(spec|test).[jt]s?(x)?(.snap)",
      "!{projectRoot}/tsconfig.spec.json",
      "!{projectRoot}/.eslintrc.json"
    ],
    "sharedGlobals": ["{workspaceRoot}/tsconfig.base.json"]
  },
  "generators": {
    "@nx/react": {
      "application": {
        "style": "css",
        "linter": "eslint",
        "bundler": "vite"
      }
    }
  },
  "parallel": 4,
  "cacheDirectory": ".nx/cache"
}
